{"cameraMode":{"drawMode":0,"name":"Shaded","section":"Shading Mode"},"sceneLighting":true,"audioPlay":false,"sceneViewState":{"showFog":true,"showMaterialUpdate":false,"showSkybox":true,"showFlares":true,"showImageEffects":true,"showParticleSystems":true},"in2DMode":false,"pivot":{"x":-0.0031270980834960939,"y":1.5385620594024659,"z":-1.4234906435012818},"rotation":{"x":-0.06377130001783371,"y":0.715442419052124,"z":-0.06587205827236176,"w":-0.6926299929618836},"size":11.11503791809082,"orthographic":false}