{"cameraMode":{"drawMode":0,"name":"Shaded","section":"Shading Mode"},"sceneLighting":true,"audioPlay":false,"sceneViewState":{"showFog":true,"showMaterialUpdate":false,"showSkybox":true,"showFlares":true,"showImageEffects":true,"showParticleSystems":true},"in2DMode":false,"pivot":{"x":16.53610610961914,"y":-1.4481903314590455,"z":-8.856817245483399},"rotation":{"x":0.11741189658641815,"y":0.6780728697776794,"z":-0.11103669553995133,"w":0.7170094847679138},"size":31.28621482849121,"orthographic":false}