{"cameraMode":{"drawMode":0,"name":"Shaded","section":"Shading Mode"},"sceneLighting":false,"audioPlay":false,"sceneViewState":{"showFog":true,"showMaterialUpdate":false,"showSkybox":true,"showFlares":true,"showImageEffects":true,"showParticleSystems":true},"in2DMode":false,"pivot":{"x":17.214000701904298,"y":0.9543476104736328,"z":-1.739999771118164},"rotation":{"x":0.07787220180034638,"y":-0.03528330475091934,"z":0.002757016569375992,"w":0.9963350296020508},"size":6.138513088226318,"orthographic":true}