{"cameraMode":{"drawMode":0,"name":"Shaded","section":"Shading Mode"},"sceneLighting":true,"audioPlay":false,"sceneViewState":{"showFog":true,"showMaterialUpdate":false,"showSkybox":true,"showFlares":true,"showImageEffects":true,"showParticleSystems":true},"in2DMode":false,"pivot":{"x":18.743656158447267,"y":1.9428614377975464,"z":9.661767959594727},"rotation":{"x":0.015431645326316357,"y":0.5145719647407532,"z":-0.00926466379314661,"w":0.8572582602500916},"size":32.53308868408203,"orthographic":false}