{"cameraMode":{"drawMode":0,"name":"Shaded","section":"Shading Mode"},"sceneLighting":false,"audioPlay":false,"sceneViewState":{"showFog":true,"showMaterialUpdate":false,"showSkybox":true,"showFlares":true,"showImageEffects":true,"showParticleSystems":true},"in2DMode":false,"pivot":{"x":-0.685139000415802,"y":4.0012383460998539,"z":1.3974685668945313},"rotation":{"x":0.20435674488544465,"y":-0.0055688414722681049,"z":0.0011625571642071009,"w":0.9788799285888672},"size":17.69603157043457,"orthographic":false}