{"cameraMode":{"drawMode":0,"name":"Shaded","section":"Shading Mode"},"sceneLighting":false,"audioPlay":false,"sceneViewState":{"showFog":true,"showMaterialUpdate":false,"showSkybox":true,"showFlares":true,"showImageEffects":true,"showParticleSystems":true},"in2DMode":false,"pivot":{"x":-2.720437526702881,"y":1.1465405225753785,"z":6.9335784912109379},"rotation":{"x":0.17784689366817475,"y":0.5621907711029053,"z":-0.12531180679798127,"w":0.797877848148346},"size":4.286825656890869,"orthographic":false}