{"cameraMode":{"drawMode":0,"name":"Shaded","section":"Shading Mode"},"sceneLighting":false,"audioPlay":false,"sceneViewState":{"showFog":true,"showMaterialUpdate":false,"showSkybox":true,"showFlares":true,"showImageEffects":true,"showParticleSystems":true},"in2DMode":false,"pivot":{"x":-8.996811866760254,"y":0.28173828125,"z":11.838615417480469},"rotation":{"x":-0.001486373133957386,"y":-0.7064694762229919,"z":-0.0014860588125884534,"w":0.7077404260635376},"size":1.6987210512161255,"orthographic":true}