{"cameraMode":{"drawMode":0,"name":"Shaded","section":"Shading Mode"},"sceneLighting":true,"audioPlay":false,"sceneViewState":{"showFog":true,"showMaterialUpdate":false,"showSkybox":true,"showFlares":true,"showImageEffects":true,"showParticleSystems":true},"in2DMode":false,"pivot":{"x":-0.41564857959747317,"y":1.8964747190475464,"z":84.27188110351563},"rotation":{"x":-0.007499844301491976,"y":-0.005999966524541378,"z":0.000044957894715480506,"w":-0.9999538660049439},"size":149.72206115722657,"orthographic":false}