{"cameraMode":{"drawMode":0,"name":"Shaded","section":"Shading Mode"},"sceneLighting":false,"audioPlay":false,"sceneViewState":{"showFog":true,"showMaterialUpdate":false,"showSkybox":true,"showFlares":true,"showImageEffects":true,"showParticleSystems":true},"in2DMode":false,"pivot":{"x":6.375380992889404,"y":1.0178186893463135,"z":15.298933982849121},"rotation":{"x":0.12763121724128724,"y":-0.47906455397605898,"z":0.07064016163349152,"w":0.865573525428772},"size":10.57365894317627,"orthographic":true}