{"cameraMode":{"drawMode":0,"name":"Shaded","section":"Shading Mode"},"sceneLighting":false,"audioPlay":false,"sceneViewState":{"showFog":true,"showMaterialUpdate":false,"showSkybox":true,"showFlares":true,"showImageEffects":true,"showParticleSystems":true},"in2DMode":false,"pivot":{"x":0.09067428112030029,"y":0.10913857817649842,"z":-0.020423948764801027},"rotation":{"x":-0.24817460775375367,"y":0.014803127385675908,"z":-0.003792066825553775,"w":-0.9685947895050049},"size":0.5988160967826843,"orthographic":false}