{"cameraMode":{"drawMode":0,"name":"Shaded","section":"Shading Mode"},"sceneLighting":false,"audioPlay":false,"sceneViewState":{"showFog":true,"showMaterialUpdate":false,"showSkybox":true,"showFlares":true,"showImageEffects":true,"showParticleSystems":true},"in2DMode":false,"pivot":{"x":-1.0442821979522706,"y":0.24999654293060304,"z":1.582863450050354},"rotation":{"x":-0.17930275201797486,"y":-0.612370491027832,"z":0.14520935714244843,"w":-0.7561529278755188},"size":4.041658401489258,"orthographic":false}