{"cameraMode":{"drawMode":0,"name":"Shaded","section":"Shading Mode"},"sceneLighting":false,"audioPlay":false,"sceneViewState":{"showFog":true,"showMaterialUpdate":false,"showSkybox":true,"showFlares":true,"showImageEffects":true,"showParticleSystems":true},"in2DMode":false,"pivot":{"x":0.0,"y":0.19460409879684449,"z":-5.960464477539063e-8},"rotation":{"x":-0.23156620562076569,"y":-0.24745847284793855,"z":0.06103699654340744,"w":-0.9388375878334045},"size":0.9499803781509399,"orthographic":false}