{"cameraMode":{"drawMode":0,"name":"Shaded","section":"Shading Mode"},"sceneLighting":false,"audioPlay":false,"sceneViewState":{"showFog":true,"showMaterialUpdate":false,"showSkybox":true,"showFlares":true,"showImageEffects":true,"showParticleSystems":true},"in2DMode":false,"pivot":{"x":1.0176312923431397,"y":-0.381899356842041,"z":0.012173056602478028},"rotation":{"x":0.11222429573535919,"y":-0.8379209637641907,"z":0.18810200691223145,"w":0.4999118447303772},"size":3.3457324504852297,"orthographic":false}