{"cameraMode":{"drawMode":0,"name":"Shaded","section":"Shading Mode"},"sceneLighting":false,"audioPlay":false,"sceneViewState":{"showFog":true,"showMaterialUpdate":false,"showSkybox":true,"showFlares":true,"showImageEffects":true,"showParticleSystems":true},"in2DMode":false,"pivot":{"x":0.0,"y":0.48485124111175539,"z":-2.9802322387695315e-8},"rotation":{"x":-0.24817460775375367,"y":0.014803127385675908,"z":-0.003792066825553775,"w":-0.9685947895050049},"size":1.6408995389938355,"orthographic":false}