{"cameraMode":{"drawMode":0,"name":"Shaded","section":"Shading Mode"},"sceneLighting":false,"audioPlay":false,"sceneViewState":{"showFog":true,"showMaterialUpdate":false,"showSkybox":true,"showFlares":true,"showImageEffects":true,"showParticleSystems":true},"in2DMode":false,"pivot":{"x":1.2599384784698487,"y":-0.14256620407104493,"z":-0.6159191131591797},"rotation":{"x":0.07240274548530579,"y":-0.9160537719726563,"z":0.19268961250782014,"w":0.34420064091682436},"size":4.641658782958984,"orthographic":false}