{"cameraMode":{"drawMode":0,"name":"Shaded","section":"Shading Mode"},"sceneLighting":false,"audioPlay":false,"sceneViewState":{"showFog":true,"showMaterialUpdate":false,"showSkybox":true,"showFlares":true,"showImageEffects":true,"showParticleSystems":true},"in2DMode":false,"pivot":{"x":-0.0005029439926147461,"y":0.30900001525878909,"z":-0.003959864377975464},"rotation":{"x":-0.24817460775375367,"y":0.014803127385675908,"z":-0.003792066825553775,"w":-0.9685947895050049},"size":2.093557834625244,"orthographic":false}